,City,Country,Date,Latitude,Longitude,Max Temperature,Humidity,Cloudiness,Wind Speed
0,Vaini,TO,1596815759,-21.2,-175.2,64.4,88,20,4.7
1,Pisco,PE,1596815760,-13.7,-76.22,63.0,82,75,3.36
2,Hambantota,LK,1596815760,6.12,81.12,82.4,83,40,17.22
3,Busselton,AU,1596815760,-33.65,115.33,52.0,55,100,15.14
4,Saint Paul Harbor,US,1596815760,57.79,-152.41,53.6,81,90,3.36
5,Khovd,MN,1596815760,48.01,91.64,62.83,54,9,5.79
6,Erenhot,CN,1596815760,43.65,111.98,78.98,41,93,8.68
7,Poum,NC,1596815760,-20.23,164.02,71.96,73,8,17.65
8,Lopatino,RU,1596815760,52.62,45.81,71.42,73,17,11.23
9,Saskylakh,RU,1596815760,71.92,114.08,59.25,68,100,5.7
10,Yakuplu,TR,1596815760,40.99,28.68,86.0,51,0,18.34
11,Lebu,CL,1596815761,-37.62,-73.65,51.31,69,72,14.76
12,Port Elizabeth,ZA,1596815761,-33.92,25.57,59.0,72,0,9.17
13,Mataura,NZ,1596815761,-46.19,168.86,37.99,89,71,4.0
14,Larsnes,NO,1596815761,62.2,5.58,68.0,68,75,18.34
15,Itoman,JP,1596815761,26.12,127.67,84.2,79,20,12.75
16,Songjianghe,CN,1596815761,42.19,127.48,59.41,94,11,2.04
17,Port Hardy,CA,1596815761,50.7,-127.42,55.4,93,90,10.29
18,Cidreira,BR,1596815761,-30.18,-50.21,70.11,57,0,4.65
19,Eenhana,NA,1596815761,-17.47,16.33,80.64,14,0,1.97
20,Cabo San Lucas,MX,1596815585,22.89,-109.91,87.01,69,5,9.17
21,Katherine,AU,1596815761,-14.47,132.27,60.8,41,22,4.7
22,Hammerfest,NO,1596815762,70.66,23.68,55.4,76,75,20.8
23,Klaksvík,FO,1596815762,62.23,-6.59,51.8,100,80,6.93
24,Lompoc,US,1596815762,34.64,-120.46,57.2,93,90,10.29
25,Vao,NC,1596815762,-22.67,167.48,69.31,68,22,8.01
26,Puerto Ayora,EC,1596815762,-0.74,-90.35,69.01,88,75,9.17
27,Maumere,ID,1596815762,-8.62,122.21,75.16,76,95,5.68
28,Hermanus,ZA,1596815762,-34.42,19.23,59.0,63,0,1.01
29,Albany,US,1596815763,42.6,-73.97,66.99,90,89,4.29
30,Pouébo,NC,1596815763,-20.4,164.57,66.85,81,22,10.0
31,Mount Isa,AU,1596815763,-20.73,139.5,57.2,58,98,9.17
32,Itarema,BR,1596815763,-2.92,-39.92,87.67,45,5,16.64
33,Pangnirtung,CA,1596815763,66.15,-65.71,46.4,87,75,14.99
34,Saint George,US,1596815763,37.1,-113.58,82.0,11,1,4.03
35,Evinayong,GQ,1596815763,1.44,10.55,75.9,71,78,4.76
36,Havøysund,NO,1596815763,71.0,24.66,55.4,76,75,12.75
37,Jamestown,US,1596815646,42.1,-79.24,73.99,68,1,4.7
38,Isangel,VU,1596815763,-19.55,169.27,64.4,77,61,3.36
39,Ushuaia,AR,1596815755,-54.8,-68.3,39.2,64,40,4.7
40,Thompson,CA,1596815763,55.74,-97.86,75.2,64,20,2.24
41,Mahébourg,MU,1596815763,-20.41,57.7,69.8,73,40,6.93
42,Thung Song,TH,1596815763,8.16,99.68,76.17,89,99,2.42
43,Upernavik,GL,1596815764,72.79,-56.15,41.32,68,20,5.77
44,Iqaluit,CA,1596815764,63.75,-68.51,50.0,81,75,5.82
45,Port Lincoln,AU,1596815764,-34.73,135.87,51.82,76,100,15.86
46,Coos Bay,US,1596815717,43.37,-124.22,57.2,82,1,6.31
47,Pochutla,MX,1596815764,15.74,-96.47,75.2,83,90,11.41
48,Seydişehir,TR,1596815764,37.42,31.85,87.94,23,1,6.42
49,Kapaa,US,1596815406,22.08,-159.32,78.8,83,75,11.41
50,Rikitea,PF,1596815764,-23.12,-134.97,69.39,67,94,15.93
51,Hobart,AU,1596815742,-42.88,147.33,44.01,100,90,5.82
52,Chui,UY,1596815764,-33.7,-53.46,57.49,88,100,6.4
53,Ponta Delgada,PT,1596815764,37.73,-25.67,75.2,73,40,4.7
54,Kruisfontein,ZA,1596815764,-34.0,24.73,60.01,67,0,6.98
55,Punta Arenas,CL,1596815764,-53.15,-70.92,42.8,60,20,31.09
56,Butaritari,KI,1596815765,3.07,172.79,83.08,78,0,16.78
57,Orlik,RU,1596815765,52.52,99.83,45.91,72,52,2.46
58,Abaeté,BR,1596815765,-19.16,-45.45,78.76,35,0,5.35
59,Ancud,CL,1596815765,-41.87,-73.82,48.99,100,90,8.05
60,Yellowknife,CA,1596815765,62.46,-114.35,71.01,64,75,10.29
61,Vila,PT,1596815765,42.03,-8.16,91.99,32,0,10.0
62,Kirakira,SB,1596815765,-10.45,161.92,77.25,79,51,11.41
63,Anamur,TR,1596815765,36.08,32.84,87.8,74,0,11.41
64,Barrow,US,1596815765,71.29,-156.79,37.4,86,90,12.75
65,Port Blair,IN,1596815765,11.67,92.75,80.53,85,100,10.98
66,Tomakomai,JP,1596815765,42.64,141.6,66.0,93,75,5.82
67,Narsaq,GL,1596815765,60.92,-46.05,46.4,93,75,4.7
68,George Town,MY,1596815766,5.41,100.34,84.0,83,20,0.38
69,East London,ZA,1596815766,-33.02,27.91,59.56,73,3,8.32
70,Lagoa,PT,1596815766,39.05,-27.98,68.59,72,100,13.13
71,Hithadhoo,MV,1596815766,-0.6,73.08,83.37,79,100,15.05
72,Bull Savanna,JM,1596815766,17.89,-77.59,85.3,61,0,9.93
73,Rawlins,US,1596815761,41.79,-107.24,71.6,14,1,3.36
74,Dikson,RU,1596815766,73.51,80.55,45.1,100,100,15.19
75,Wote,KE,1596815766,-1.78,37.63,74.84,42,33,7.96
76,Ocós,GT,1596815766,14.51,-92.19,82.4,94,75,3.71
77,Port Alfred,ZA,1596815766,-33.59,26.89,57.87,75,7,10.22
78,Torbay,CA,1596815766,47.67,-52.73,73.99,60,40,20.8
79,Chokurdakh,RU,1596815766,70.63,147.92,46.22,95,85,5.64
80,Skjervøy,NO,1596815766,70.03,20.97,55.4,82,75,11.41
81,Sitka,US,1596815767,57.05,-135.33,55.4,87,90,6.93
82,New Norfolk,AU,1596815767,-42.78,147.06,43.0,82,98,1.5
83,Castro,BR,1596815767,-24.79,-50.01,71.42,39,0,5.7
84,Bosaso,SO,1596815767,11.28,49.18,90.97,53,88,10.98
85,Yoichi,JP,1596815767,43.2,140.77,64.0,88,86,3.0
86,Lorengau,PG,1596815767,-2.02,147.27,80.47,78,100,3.96
87,Narasapuram,IN,1596815767,16.45,81.67,83.84,83,100,5.61
88,Kaniama,CD,1596815767,-7.57,24.18,88.0,22,0,4.92
89,Esna,EG,1596815768,25.29,32.55,105.8,21,0,5.82
90,Eastbourne,GB,1596815768,50.77,0.28,91.99,37,0,5.01
91,Hilo,US,1596815649,19.73,-155.09,75.2,88,75,3.36
92,Ostrovnoy,RU,1596815768,68.05,39.51,56.68,92,100,6.62
93,Yangi Marg`ilon,UZ,1596815768,40.43,71.72,86.0,48,0,2.24
94,Oranjemund,NA,1596815768,-28.55,16.43,72.46,20,0,17.58
95,Collierville,US,1596815768,35.04,-89.66,84.0,65,75,3.36
96,Rome,US,1596815525,43.21,-75.46,73.99,73,1,4.7
97,Grindavik,IS,1596815768,63.84,-22.43,50.0,100,90,14.99
98,Amapá,BR,1596815768,1.0,-52.0,91.04,43,0,5.28
99,Lavrentiya,RU,1596815769,65.58,-171.0,40.55,75,97,1.34
100,Faya,SA,1596815769,18.39,42.45,71.6,49,75,9.17
101,Meulaboh,ID,1596815769,4.14,96.13,78.26,83,100,3.98
102,Katsuura,JP,1596815769,35.13,140.3,81.0,88,20,8.05
103,Mar del Plata,AR,1596815717,-38.0,-57.56,50.0,76,100,5.82
104,Merauke,ID,1596815705,-8.47,140.33,77.11,90,100,8.97
105,Los Llanos de Aridane,ES,1596815769,28.66,-17.92,78.8,61,20,9.17
106,Singaraja,ID,1596815769,-8.11,115.09,75.94,73,22,5.5
107,Encruzilhada do Sul,BR,1596815769,-30.54,-52.52,69.57,68,23,4.63
108,Tasiilaq,GL,1596815770,65.61,-37.64,44.6,81,75,8.05
109,La Paz,BO,1596815770,-16.5,-68.15,50.0,21,0,4.7
110,Kedrovyy,RU,1596815770,56.17,91.82,64.4,88,40,2.24
111,Kenai,US,1596815770,60.55,-151.26,52.0,81,90,8.05
112,Ponta do Sol,PT,1596815770,32.67,-17.1,75.0,64,11,3.29
113,Forsytheganj,BY,1596815770,52.63,29.73,73.94,74,81,7.0
114,North Bend,US,1596815770,43.41,-124.22,57.2,82,1,6.67
115,Ulladulla,AU,1596815771,-35.35,150.47,53.01,100,90,10.29
116,Santa Fe,AR,1596815771,-31.63,-60.7,57.0,79,98,3.0
117,Comodoro Rivadavia,AR,1596815570,-45.87,-67.5,48.2,45,0,13.87
118,Zhanakorgan,KZ,1596815771,43.91,67.25,79.74,33,0,8.52
119,Mineiros,BR,1596815771,-17.57,-52.55,81.72,27,0,7.31
120,Vila Franca do Campo,PT,1596815771,37.72,-25.43,75.2,73,40,4.7
121,Antofagasta,CL,1596815771,-23.65,-70.4,60.8,63,36,6.93
122,Yola,NG,1596815771,9.2,12.48,82.17,65,98,7.76
123,Mossamedes,AO,1596815771,-15.2,12.15,73.4,78,40,12.75
124,Flinders,AU,1596815772,-34.58,150.86,57.0,95,99,8.01
125,Basti,IN,1596815772,26.8,82.72,86.83,71,24,3.56
126,Riyadh,SA,1596815772,24.69,46.72,104.0,11,100,13.87
127,Dhārchula,IN,1596815772,29.85,80.53,72.21,75,87,0.72
128,Cape Town,ZA,1596815567,-33.93,18.42,63.0,51,0,12.75
129,Semīrom,IR,1596815772,31.42,51.57,69.3,30,49,9.42
130,Avarua,CK,1596815772,-21.21,-159.78,73.4,94,100,10.29
131,Broome,US,1596815773,42.25,-75.83,71.01,88,20,5.82
132,Bengkulu,ID,1596815773,-3.8,102.27,78.12,89,41,3.85
133,Clyde River,CA,1596815773,70.47,-68.59,42.8,81,75,24.16
134,Atuona,PF,1596815773,-9.8,-139.03,78.01,72,15,24.96
135,Qaanaaq,GL,1596815773,77.48,-69.36,43.32,60,0,2.95
136,Krasnomayskiy,RU,1596815773,57.62,34.41,68.99,70,50,3.13
137,Avera,US,1596815773,33.19,-82.53,86.0,100,90,6.4
138,Ruteng,ID,1596815774,-8.61,120.47,60.98,100,93,1.61
139,Norman Wells,CA,1596815774,65.28,-126.83,59.0,93,90,3.36
140,Leningradskiy,RU,1596815774,69.38,178.42,38.07,91,100,5.08
141,Neuquén,AR,1596815477,-38.95,-68.06,48.2,57,26,5.82
142,Port-Gentil,GA,1596815774,-0.72,8.78,82.4,65,20,12.48
143,Tiznit Province,MA,1596815774,29.58,-9.5,78.78,55,0,9.17
144,Antalaha,MG,1596815774,-14.9,50.28,69.78,78,29,8.88
145,Bredasdorp,ZA,1596815774,-34.53,20.04,62.6,55,0,6.93
146,Semey,KZ,1596815774,50.41,80.23,73.36,42,9,9.46
147,São Filipe,CV,1596815774,14.9,-24.5,79.97,85,57,7.61
148,Marsh Harbour,BS,1596815774,26.54,-77.06,83.86,69,87,6.53
149,Padang,ID,1596815774,-0.95,100.35,78.69,68,86,4.14
150,Longyearbyen,SJ,1596815775,78.22,15.64,55.4,50,9,9.17
151,Chern',RU,1596815775,53.45,36.91,69.49,74,20,7.49
152,Chu,KZ,1596815775,43.6,73.76,82.58,17,27,7.47
153,Nishihara,JP,1596815775,26.18,127.76,84.2,79,40,9.17
154,Binzhou,CN,1596815775,37.37,118.02,73.87,90,78,7.45
155,Thinadhoo,MV,1596815775,0.53,72.93,83.61,79,100,15.12
156,Shingū,JP,1596815775,33.73,135.98,75.56,90,59,6.64
157,Puerto Rico,AR,1596815775,-26.8,-55.02,81.46,33,0,5.35
158,Grants,US,1596815775,35.15,-107.85,71.6,21,40,3.36
159,Bluff,NZ,1596815775,-46.6,168.33,37.99,89,95,4.0
160,Faanui,PF,1596815776,-16.48,-151.75,78.51,77,29,19.66
161,Cam Ranh,VN,1596815776,11.92,109.16,82.4,78,75,1.12
162,Bethel,US,1596815640,41.37,-73.41,73.99,73,75,4.7
163,Teplodar,UA,1596815776,46.51,30.33,96.8,19,0,6.71
164,Miquelon,PM,1596815776,47.1,-56.38,69.8,77,20,18.34
165,Inongo,CD,1596815776,-1.95,18.27,78.85,61,38,2.73
166,Payson,US,1596815480,40.04,-111.73,75.0,28,1,6.93
167,Ilulissat,GL,1596815776,69.22,-51.1,42.8,70,75,10.29
168,Chipata,ZM,1596815776,-13.63,32.65,71.33,39,43,8.48
169,Arraial do Cabo,BR,1596815776,-22.97,-42.03,80.6,64,40,18.34
170,Husavik,IS,1596815777,66.04,-17.34,60.8,55,75,24.16
171,Hong Kong,HK,1596815746,22.29,114.16,84.99,85,100,7.0
172,Tonstad,NO,1596815777,58.66,6.72,73.0,75,81,8.9
173,Grand Gaube,MU,1596815777,-20.01,57.66,64.99,85,51,5.01
174,Bogtong,PH,1596815777,15.75,120.33,77.74,89,100,1.16
175,Gravdal,NO,1596815777,68.12,13.5,62.6,72,75,8.05
176,Charters Towers,AU,1596815777,-20.1,146.27,71.31,56,95,6.55
177,Nabire,ID,1596815777,-3.37,135.48,74.55,91,93,3.87
178,Maningrida,AU,1596815777,-12.07,134.27,71.58,89,35,5.55
179,Montorio al Vomano,IT,1596815777,42.58,13.64,87.01,13,26,5.01
180,Kavieng,PG,1596815777,-2.57,150.8,81.95,74,87,3.0
181,Nikolskoye,RU,1596815777,59.7,30.79,69.8,73,20,13.42
182,Rubtsovsk,RU,1596815778,51.5,81.25,67.73,62,1,7.9
183,Dargaville,NZ,1596815778,-35.93,173.88,53.4,75,19,16.96
184,Ribeira Grande,PT,1596815778,38.52,-28.7,77.0,65,75,12.75
185,Paamiut,GL,1596815778,61.99,-49.67,44.24,92,100,14.41
186,Mponela,MW,1596815778,-13.53,33.74,73.4,33,32,10.29
187,Arman',RU,1596815778,59.7,150.17,54.05,82,12,4.7
188,Gēdo,ET,1596815778,9.02,37.45,53.04,100,100,3.42
189,Takhtamygda,RU,1596815778,54.1,123.57,56.25,88,100,4.5
190,Cayenne,GF,1596815778,4.93,-52.33,86.0,66,71,3.36
191,Vestmannaeyjar,IS,1596815778,63.44,-20.27,51.8,87,75,12.75
192,Coyhaique,CL,1596815778,-45.58,-72.07,39.2,69,92,6.93
193,Debre Birhan,ET,1596815779,9.68,39.53,52.86,94,96,1.88
194,Laguna,US,1596815779,38.42,-121.42,66.0,77,1,3.36
195,Bukama,CD,1596815779,-9.2,25.85,88.7,17,0,4.34
196,Bambanglipuro,ID,1596815779,-7.95,110.28,73.17,85,88,7.45
197,San Quintín,MX,1596815779,30.48,-115.95,70.29,66,0,13.29
198,Kirovskiy,RU,1596815779,45.09,133.51,58.77,97,99,1.54
199,Ketchikan,US,1596815779,55.34,-131.65,55.4,100,90,11.41
200,Esperance,AU,1596815779,-33.87,121.9,41.0,93,48,5.82
201,Airai,TL,1596815779,-8.93,125.41,55.81,100,74,2.3
202,Hervey Bay,AU,1596815779,-25.3,152.85,63.0,94,100,11.01
203,Mandalgovi,MN,1596815779,45.76,106.27,63.28,50,49,17.29
204,Takāb,IR,1596815779,36.4,47.11,68.4,39,11,9.48
205,Goderich,CA,1596815780,43.75,-81.72,73.99,89,0,4.38
206,Alofi,NU,1596815780,-19.06,-169.92,62.6,100,61,2.24
207,Pevek,RU,1596815780,69.7,170.31,34.83,95,100,5.55
208,Mitú,CO,1596815600,1.2,-70.17,71.74,97,97,2.26
209,Severo-Kuril'sk,RU,1596815780,50.68,156.12,51.58,90,100,12.19
210,Tuatapere,NZ,1596815780,-46.13,167.68,37.99,89,94,4.0
211,Dibrugarh,IN,1596815780,27.48,94.9,82.17,89,95,2.82
212,Abnūb,EG,1596815780,27.27,31.15,104.0,23,52,11.41
213,Guanare,VE,1596815780,9.04,-69.74,82.98,82,90,2.08
214,Paita,PE,1596815780,-5.09,-81.11,71.6,64,0,13.87
215,Saldanha,ZA,1596815780,-33.01,17.94,64.4,45,0,11.41
216,Asău,RO,1596815780,46.43,26.4,84.0,48,34,8.59
217,Dukat,RU,1596815781,62.55,155.55,45.32,87,20,2.68
218,Uyuni,BO,1596815640,-20.46,-66.83,53.11,37,0,8.9
219,Isiro,CD,1596815781,2.77,27.62,76.15,73,84,1.28
220,Tomohon,ID,1596815781,1.33,124.84,78.8,78,20,1.12
221,Solnechnyy,RU,1596815781,50.72,136.63,49.53,89,46,4.54
222,Vanavara,RU,1596815781,60.34,102.28,61.5,66,4,6.31
223,Bodø,NO,1596815781,67.28,14.4,69.8,60,51,12.75
224,Kaitangata,NZ,1596815781,-46.28,169.85,39.99,74,55,8.66
225,Provideniya,RU,1596815781,64.38,-173.3,45.1,74,12,2.48
226,Namatanai,PG,1596815781,-3.67,152.43,78.94,81,91,3.76
227,Isla Vista,US,1596815781,34.41,-119.86,72.0,82,1,2.89
228,Zhigansk,RU,1596815782,66.77,123.37,59.29,71,100,13.58
229,Villacarrillo,ES,1596815782,38.12,-3.08,108.0,14,0,10.07
230,Lircay,PE,1596815782,-12.99,-74.72,60.8,31,26,2.24
231,Yorkton,CA,1596815782,51.22,-102.47,66.2,82,75,9.17
232,La Ronge,CA,1596815782,55.1,-105.28,73.4,60,40,6.93
233,Hīrna,ET,1596815782,9.22,41.1,62.65,81,98,0.74
234,Talaya,RU,1596815782,61.38,152.75,50.11,72,0,2.39
235,Okhotsk,RU,1596815782,59.38,143.3,53.83,83,0,2.51
236,Vavozh,RU,1596815489,56.78,51.93,66.02,81,100,8.48
237,Krasnosel'kup,RU,1596815783,65.7,82.47,67.32,65,79,4.81
238,Hofn,IS,1596815783,64.25,-15.21,55.4,82,75,18.34
239,Beidao,CN,1596815783,34.57,105.89,72.91,70,0,2.73
240,Pelym,RU,1596815783,61.01,62.0,72.32,72,23,7.65
241,Timiryazevskiy,RU,1596815783,56.49,84.88,70.0,100,99,3.89
242,Dunedin,NZ,1596815736,-45.87,170.5,41.0,82,76,1.01
243,Kalmar,SE,1596815783,56.66,16.36,77.0,47,74,6.93
244,Marawi,PH,1596815783,8.0,124.29,73.99,93,100,4.0
245,Bathsheba,BB,1596815783,13.22,-59.52,87.8,70,20,21.92
246,Manta,EC,1596815770,-0.95,-80.73,73.4,83,75,4.7
247,Jieshi,CN,1596815784,22.81,115.83,82.26,88,94,5.91
248,Najrān,SA,1596815784,17.49,44.13,95.0,21,40,10.29
249,Jumla,NP,1596815784,29.27,82.18,64.17,72,51,1.9
250,Alice Springs,AU,1596815732,-23.7,133.88,44.6,93,2,7.94
251,Ginda,IN,1596815784,30.69,78.49,67.82,91,99,0.11
252,Fălciu,RO,1596815784,46.3,28.14,90.99,30,56,14.27
253,Luganville,VU,1596815784,-15.53,167.17,75.2,73,40,2.24
254,Bilibino,RU,1596815784,68.05,166.44,38.55,86,84,1.77
255,Tiksi,RU,1596815784,71.69,128.87,51.6,82,84,8.37
256,Atar,MR,1596815784,20.52,-13.05,106.32,7,0,16.49
257,Stolin,BY,1596815785,51.89,26.85,76.32,69,38,7.2
258,Staropesterevo,RU,1596815785,54.5,86.41,60.87,89,100,3.89
259,Yar-Sale,RU,1596815785,66.83,70.83,61.65,66,71,11.1
260,Banda Aceh,ID,1596815785,5.56,95.32,81.95,71,100,11.56
261,Aswān,EG,1596815785,24.09,32.91,103.55,8,0,13.18
262,Aloleng,PH,1596815785,16.13,119.78,78.91,87,100,11.97
263,Jiazi,CN,1596815785,22.88,116.07,81.36,89,94,4.85
264,Champerico,GT,1596815785,14.3,-91.92,82.4,69,75,4.83
265,Anūpgarh,IN,1596815786,29.19,73.21,100.26,36,83,7.7
266,Nantucket,US,1596815549,41.28,-70.1,71.6,83,1,12.75
267,Nandu,CN,1596815786,22.85,110.82,79.09,86,80,2.42
268,Coquimbo,CL,1596815786,-29.95,-71.34,57.2,82,40,2.24
269,Ozinki,RU,1596815786,51.18,49.68,80.67,51,61,13.09
270,Rivadavia,AR,1596815786,-33.19,-68.46,53.6,25,0,3.36
271,Tuktoyaktuk,CA,1596815786,69.45,-133.04,55.4,93,75,12.75
272,Berlevåg,NO,1596815786,70.86,29.09,55.4,76,75,13.87
273,Tura,IN,1596815786,25.52,90.22,77.22,96,94,5.21
274,Rocha,UY,1596815585,-34.48,-54.33,51.75,96,100,9.4
275,Kasulu,TZ,1596815786,-4.58,30.1,84.2,58,5,5.82
276,Touros,BR,1596815787,-5.2,-35.46,82.4,61,40,18.34
277,Yakeshi,CN,1596815787,49.28,120.73,61.34,95,100,14.9
278,Lüderitz,NA,1596815787,-26.65,15.16,80.6,10,0,9.17
279,Srednekolymsk,RU,1596815787,67.45,153.68,51.55,65,100,7.09
280,Boo,SE,1596815787,59.33,18.28,82.4,21,16,9.17
281,Mlandizi,TZ,1596815787,-6.7,38.73,80.6,61,20,11.41
282,Kerema,PG,1596815787,-7.96,145.78,76.23,87,100,5.01
283,Jardim,BR,1596815787,-21.48,-56.14,88.48,20,0,7.47
284,Tamiahua,MX,1596815787,21.27,-97.45,85.69,65,17,5.44
285,Pucallpa,PE,1596815787,-8.38,-74.55,86.0,62,20,8.05
286,Hasaki,JP,1596815788,35.73,140.83,77.0,94,40,2.24
287,Isparta Province,TR,1596815551,38.0,31.0,96.8,20,40,5.82
288,Fairbanks,US,1596815788,64.84,-147.72,53.6,93,90,1.03
289,Nago,JP,1596815788,26.59,127.98,84.2,79,1,8.05
290,Castelo Branco,PT,1596815788,39.82,-7.49,100.99,22,0,1.01
291,Shubarshi,KZ,1596815788,48.59,57.19,78.91,39,85,12.06
292,Bako,ET,1596815788,5.78,36.57,65.37,91,100,2.77
293,Vardø,NO,1596815788,70.37,31.11,53.6,87,75,5.82
294,Summerville,US,1596815788,33.02,-80.18,89.01,66,1,3.76
295,Tyrma,RU,1596815788,50.08,132.17,50.38,87,61,2.59
296,Bambous Virieux,MU,1596815788,-20.34,57.76,69.8,73,40,6.93
297,Batagay-Alyta,RU,1596815788,67.8,130.41,52.38,88,94,3.87
298,Aklavik,CA,1596815789,68.22,-135.01,55.4,93,75,5.82
299,Camopi,GF,1596815789,3.17,-52.32,90.95,48,8,4.5
300,Pilar,BR,1596815789,-9.6,-35.96,78.8,65,75,11.41
301,Karachi,PK,1596815712,24.91,67.08,80.6,94,90,11.41
302,Zeya,RU,1596815789,53.75,127.27,53.98,74,95,2.48
303,Palmer,US,1596815702,42.16,-72.33,73.99,68,75,5.82
304,Samarai,PG,1596815789,-10.62,150.67,78.42,86,100,9.28
305,Lagos,NG,1596815717,6.58,3.75,80.6,74,75,8.05
306,Ryōtsu-minato,JP,1596815789,38.08,138.43,71.6,94,90,2.24
307,Henties Bay,NA,1596815789,-22.12,14.28,63.0,73,0,3.0
308,Carnarvon,AU,1596815790,-24.87,113.63,60.8,72,13,6.69
309,Ouésso,CG,1596815790,1.61,16.05,83.77,61,92,1.66
310,Kibondo,TZ,1596815790,-3.59,30.72,77.25,27,11,3.96
311,Beringovskiy,RU,1596815790,63.05,179.32,50.05,91,100,13.76
312,Laishevo,RU,1596815790,55.4,49.55,73.4,46,51,15.66
313,Maceió,BR,1596815703,-9.67,-35.74,78.8,65,75,11.41
314,Basco,PH,1596815790,20.45,121.97,84.85,75,19,19.3
315,Concepción del Oro,MX,1596815790,24.63,-101.42,66.69,60,1,5.59
316,Kungurtug,RU,1596815790,50.6,97.52,47.32,77,49,1.77
317,Talcahuano,CL,1596815790,-36.72,-73.12,48.2,66,75,4.7
318,Trat,TH,1596815791,12.5,102.5,84.99,74,99,1.92
319,Taoudenni,ML,1596815791,22.68,-3.98,114.19,12,14,8.32
320,Nemuro,JP,1596815791,43.32,145.57,66.29,70,100,17.98
321,Sainte-Marie,RE,1596815791,-20.9,55.55,68.0,64,49,5.82
322,Lumding,IN,1596815791,25.75,93.17,79.07,94,100,4.23
323,Whitehorse,CA,1596815681,60.72,-135.05,48.2,76,75,11.41
324,Bachaquero,VE,1596815791,9.97,-71.15,88.83,63,85,6.78
325,Kabanjahe,ID,1596815791,3.1,98.49,80.6,94,40,4.32
326,Acaraú,BR,1596815791,-2.89,-40.12,88.11,43,13,16.02
327,Vallenar,CL,1596815792,-28.57,-70.76,75.31,32,0,5.17
328,Kyrenia,CY,1596815721,35.34,33.32,98.6,25,0,20.8
329,Sítio Novo do Tocantins,BR,1596815792,-5.52,-47.46,96.46,25,0,7.94
330,San Nicolas,PH,1596815792,18.17,120.6,78.8,100,40,3.36
331,Sabaudia,IT,1596815792,41.3,13.03,86.0,50,15,4.0
332,Sampit,ID,1596815792,-2.53,112.95,74.55,96,71,2.35
333,Kavaratti,IN,1596815792,10.57,72.64,82.6,80,100,19.93
334,Gurupi,BR,1596815792,-11.73,-49.07,90.18,27,0,9.6
335,Khatanga,RU,1596815792,71.97,102.5,57.87,79,99,8.99
336,Basay,PH,1596815793,9.41,122.64,79.81,78,100,3.22
337,Tarbagatay,RU,1596815793,51.48,107.36,62.6,82,75,4.47
338,Bud,US,1596815793,39.45,-86.18,75.99,50,1,9.17
339,Kahului,US,1596815716,20.89,-156.47,78.8,74,1,13.87
340,Burns Lake,CA,1596815793,54.23,-125.75,47.89,79,95,5.12
341,Ballarat,AU,1596815793,-37.57,143.85,46.0,95,100,10.69
342,Zhezkazgan,KZ,1596815793,47.8,67.71,70.36,68,100,13.82
343,Evensk,RU,1596815793,61.95,159.23,52.5,74,1,4.14
344,Cherskiy,RU,1596815793,68.75,161.3,42.93,90,99,8.84
345,Sangmélima,CM,1596815793,2.93,11.98,79.21,60,88,3.96
346,Mehamn,NO,1596815794,71.04,27.85,55.4,76,75,13.87
347,Berbera,SO,1596815794,10.44,45.01,90.41,57,70,10.56
348,Río Gallegos,AR,1596815495,-51.62,-69.22,41.0,44,60,16.11
349,Abu Samrah,SY,1596815794,35.3,37.18,93.06,21,0,14.27
350,Molina,CL,1596815794,-35.12,-71.28,42.8,87,75,5.82
351,College,US,1596815794,64.86,-147.8,53.6,87,75,3.36
352,Pacific Grove,US,1596815794,36.62,-121.92,59.0,92,42,5.37
353,Port-Cartier,CA,1596815794,50.03,-66.87,73.4,56,75,11.41
354,Cap Malheureux,MU,1596815794,-19.98,57.61,64.99,85,52,5.01
355,Ellisras,ZA,1596815795,-23.66,27.74,60.8,52,82,19.95
356,Masuguru,TZ,1596815795,-11.37,38.42,84.22,27,5,2.8
357,Inhambane,MZ,1596815795,-23.86,35.38,68.0,56,75,19.46
358,Udachny,RU,1596815795,66.42,112.4,60.8,77,35,6.71
359,Takoradze,GH,1596815795,4.88,-1.76,76.5,74,100,11.81
360,Haines Junction,CA,1596815795,60.75,-137.51,48.6,66,100,3.09
361,Preobrazheniye,RU,1596815795,42.9,133.91,64.8,87,24,8.75
362,Granada,ES,1596815616,37.19,-3.61,104.0,15,20,14.99
363,Hamilton,US,1596815795,39.18,-84.53,75.99,60,40,10.29
364,Atoka,US,1596815796,34.4,-96.02,86.0,62,1,4.7
365,Traverse City,US,1596815796,44.76,-85.62,77.0,44,1,4.7
366,Olafsvik,IS,1596815796,64.89,-23.71,48.43,87,100,19.28
367,Quincy,US,1596815796,42.25,-71.0,78.01,56,100,4.7
368,Bantogon,PH,1596815796,6.53,124.03,78.96,71,100,7.4
369,Port Augusta,AU,1596815796,-32.5,137.77,44.6,100,40,8.05
370,Pundaguitan,PH,1596815796,6.37,126.17,82.47,75,100,9.78
371,Barranca,PE,1596815507,-10.75,-77.77,63.57,70,60,6.78
372,Kalmunai,LK,1596815796,7.42,81.82,84.13,66,100,4.9
373,Havelock,US,1596815796,34.88,-76.9,84.99,83,1,6.93
374,Satipo,PE,1596815796,-11.25,-74.64,84.9,41,9,3.09
375,Warri,NG,1596815797,5.52,5.75,81.66,59,99,7.76
376,Te Anau,NZ,1596815797,-45.42,167.72,35.53,88,65,3.87
377,Rahimatpur,IN,1596815797,17.6,74.2,73.02,87,84,11.07
378,Aurangabad,IN,1596815797,19.88,75.33,80.6,78,40,6.93
379,Mahibadhoo,MV,1596815797,3.78,72.97,83.97,78,100,13.89
380,Bandarbeyla,SO,1596815797,9.49,50.81,79.48,69,9,37.45
381,Hobyo,SO,1596815797,5.35,48.53,77.68,77,42,32.35
382,Innisfail,AU,1596815797,-17.53,146.03,72.79,92,95,2.13
383,Tatishchevo,RU,1596815797,51.67,45.6,72.32,67,56,9.86
384,Avallon,FR,1596815797,47.48,3.9,89.2,36,0,8.48
385,Soyo,AO,1596815797,-6.13,12.37,77.0,73,75,9.17
386,Pozhva,RU,1596815797,59.09,56.08,64.45,83,90,7.76
387,Portel,BR,1596815797,-1.94,-50.82,93.36,38,10,5.21
388,Anloga,GH,1596815797,5.79,0.9,80.6,69,20,16.11
389,Jensen Beach,US,1596815721,27.25,-80.23,89.01,66,40,4.7
390,Milos,GR,1596815797,36.75,24.43,84.2,48,20,5.82
391,San Fernando del Valle de Catamarca,AR,1596815798,-28.47,-65.79,64.0,47,4,4.0
392,Nhulunbuy,AU,1596815798,-12.23,136.77,73.4,94,40,1.12
393,São José da Coroa Grande,BR,1596815798,-8.9,-35.15,78.89,68,27,14.0
394,Valle Hermoso,MX,1596815798,25.67,-97.83,90.0,79,75,9.17
395,Kumul,CN,1596815798,42.8,93.45,87.91,14,0,8.99
396,Luau,AO,1596815798,-10.71,22.22,83.07,16,0,3.02
397,Ahipara,NZ,1596815798,-35.17,173.17,54.59,74,33,19.42
398,Vanimo,PG,1596815798,-2.67,141.3,77.0,84,78,3.6
399,Karratha,AU,1596815798,-20.74,116.85,65.59,60,0,5.37
400,Tegul'det,RU,1596815798,57.31,88.17,63.45,92,97,2.64
401,Pompéu,BR,1596815798,-19.22,-44.94,77.95,33,0,6.04
402,Tabuk,PH,1596815798,17.42,121.44,75.27,86,76,2.95
403,Constitución,CL,1596815799,-35.33,-72.42,54.63,49,31,7.9
404,Ribeira Brava,PT,1596815799,32.65,-17.07,75.0,76,10,5.01
405,Varhaug,NO,1596815799,58.61,5.65,73.0,75,49,13.76
406,Codrington,AU,1596815799,-38.27,141.97,47.57,88,100,15.77
407,Verkhoyansk,RU,1596815799,67.54,133.38,56.35,87,100,5.82
408,Port Macquarie,AU,1596815667,-31.43,152.92,52.0,100,90,8.75
409,Port Moresby,PG,1596815799,-9.44,147.18,73.4,100,40,3.36
410,Acarí,PE,1596815799,-15.43,-74.62,73.6,36,36,7.83
411,Roald,NO,1596815799,62.58,6.13,66.99,82,75,6.93
412,Petrovice u Karviné,CZ,1596815799,49.9,18.55,87.01,42,4,1.99
413,Fort Nelson,CA,1596815799,58.81,-122.7,55.4,93,40,5.82
414,Ziro,IN,1596815799,27.63,93.83,63.32,100,99,1.77
415,Visby,SE,1596815613,57.64,18.3,80.01,56,3,9.17
416,Mokrousovo,RU,1596815799,55.81,66.77,69.4,62,0,6.35
417,Yerofey Pavlovich,RU,1596815800,53.97,121.97,55.58,88,100,6.73
418,Pokaran,IN,1596815800,26.92,71.92,95.61,48,68,7.72
419,Ţahţā,EG,1596815800,26.77,31.5,105.8,11,65,16.11
420,Saint-Augustin,CA,1596815800,51.23,-58.65,77.2,45,8,8.23
421,Ambilobe,MG,1596815800,-13.2,49.05,70.7,76,38,2.51
422,Geraldton,AU,1596815800,-28.77,114.6,53.6,76,73,11.41
423,Gore,NZ,1596815800,-46.1,168.94,37.99,89,63,4.0
424,Nicolás Bravo,MX,1596815800,18.45,-88.92,84.2,83,75,9.17
425,Xifeng,CN,1596815800,42.74,124.72,65.77,86,37,4.18
426,Makhinjauri,GE,1596815800,41.67,41.69,80.6,74,75,2.53
427,Acajutla,SV,1596815800,13.59,-89.83,75.0,100,20,2.24
428,Contamana,PE,1596815800,-7.33,-75.02,92.01,33,6,4.97
429,Nanortalik,GL,1596815800,60.14,-45.24,47.05,74,100,8.43
430,Praia da Vitória,PT,1596815800,38.73,-27.07,75.2,64,75,9.98
431,Pachino,IT,1596815801,36.72,15.09,84.99,51,0,15.68
432,Portland,US,1596815178,45.52,-122.68,62.01,87,20,5.82
433,Karla,EE,1596815801,59.37,24.93,71.6,64,88,6.93
434,Martapura,ID,1596815801,-3.42,114.85,77.0,94,3,1.12
435,Russell,US,1596815801,32.35,-85.2,87.01,70,20,4.07
436,Tokat,TR,1596815801,40.42,36.58,68.31,62,0,6.55
437,Limbe,CM,1596815801,4.02,9.21,82.4,78,75,4.7
438,Manokwari,ID,1596815801,-0.87,134.08,78.03,76,89,3.33
439,Margate,GB,1596815801,51.38,1.39,95.0,25,0,3.0
440,Yokadouma,CM,1596815801,3.52,15.05,82.53,61,99,2.71
441,Ust-Maya,RU,1596815801,60.42,134.53,54.3,65,42,0.87
442,Ndioum,SN,1596815801,16.51,-14.65,100.4,42,4,2.24
443,Ayr,GB,1596815801,55.46,-4.63,69.8,73,40,19.46
444,Mérida,MX,1596815599,20.97,-89.62,88.0,78,75,9.17
445,Xushan,CN,1596815802,30.18,121.25,88.0,66,100,6.71
446,Monzón,ES,1596815802,41.91,0.19,99.0,23,0,5.82
447,Yacuiba,BO,1596815802,-22.04,-63.68,80.56,28,24,9.75
448,Mapiripán,CO,1596815802,2.89,-72.13,84.74,63,34,3.98
449,Mazamari,PE,1596815802,-11.33,-74.53,83.82,43,21,2.1
450,Kampot,KH,1596815802,10.62,104.18,82.4,83,40,6.93
451,Salinas,US,1596815585,36.68,-121.66,62.6,77,90,6.93
452,Teluk Nibung,ID,1596815802,3.0,99.82,78.98,90,95,4.03
453,San Cristobal,VE,1596815516,7.77,-72.22,84.2,54,40,23.04
454,Necochea,AR,1596815574,-38.55,-58.74,51.01,75,70,8.01
455,Nazarovo,RU,1596815802,56.01,90.39,60.66,91,100,4.65
456,Upington,ZA,1596815802,-28.45,21.26,66.2,17,0,5.82
457,Coahuayana Viejo,MX,1596815803,18.73,-103.68,77.0,78,5,0.63
458,Adrar,MR,1596815803,20.5,-10.07,106.66,13,0,13.58
459,Mount Gambier,AU,1596815803,-37.83,140.77,50.0,76,90,23.04
460,Baruun-Urt,MN,1596815803,46.68,113.28,62.04,81,68,2.73
461,Pastos Bons,BR,1596815803,-6.6,-44.08,90.36,30,0,10.74
462,Santa Maria,BR,1596815803,-29.68,-53.81,71.6,68,0,8.05
463,Ulkan,RU,1596815803,57.24,107.32,66.79,64,39,5.44
464,Tignère,CM,1596815803,7.37,12.65,71.08,91,95,1.61
465,Gao,ML,1596815803,16.64,1.64,90.66,49,66,21.88
466,Taltal,CL,1596815803,-25.4,-70.48,62.73,60,23,4.5
467,Honiara,SB,1596815506,-9.43,159.95,73.4,94,75,3.36
468,São Félix do Xingu,BR,1596815803,-6.64,-51.99,94.69,28,0,5.91
469,San Miguel de Cozumel,MX,1596815804,20.51,-86.95,87.8,70,75,11.41
470,Gurun,MY,1596815804,5.82,100.47,82.4,83,20,0.65
471,Calvià,ES,1596815804,39.57,2.51,86.0,51,0,12.75
472,Mozarlândia,BR,1596815804,-14.74,-50.57,89.71,24,0,10.33
473,Steinbach am Taunus,DE,1596815804,50.17,8.57,93.2,24,0,5.82
474,Panguna,PG,1596815804,-6.32,155.48,68.79,100,100,1.03
475,Urucará,BR,1596815804,-2.54,-57.76,95.79,35,0,6.02
476,Fallon,US,1596815804,39.47,-118.78,73.99,35,1,13.87
477,Muros,ES,1596815804,42.78,-9.06,86.0,39,0,13.0
478,Andenes,NO,1596815804,69.31,16.12,59.0,77,82,5.82
479,Sinnamary,GF,1596815804,5.38,-52.95,84.15,67,88,6.67
480,Madang,PG,1596815804,-5.22,145.8,75.47,89,69,3.2
481,Ishigaki,JP,1596815804,24.34,124.16,84.33,78,24,14.52
482,Turukhansk,RU,1596815804,65.82,87.98,58.48,75,17,2.26
483,Natal,BR,1596815768,-5.79,-35.21,82.4,61,40,18.34
484,Jijiga,ET,1596815805,9.35,42.8,69.78,69,99,3.76
485,Shirokiy,RU,1596815805,49.76,129.52,56.35,92,59,4.21
486,Arequipa,PE,1596815733,-16.4,-71.53,66.2,9,0,9.17
487,Altay,CN,1596815805,47.87,88.12,62.8,46,0,4.38
488,Salalah,OM,1596815805,17.02,54.09,80.6,83,90,11.41
489,Roebourne,AU,1596815805,-20.78,117.13,65.95,60,0,6.06
490,Sumbe,AO,1596815805,-11.21,13.84,72.12,80,24,8.63
491,Oussouye,SN,1596815805,12.48,-16.55,87.8,83,40,6.93
492,Nueva Imperial,CL,1596815805,-38.73,-72.95,46.4,81,67,2.24
493,Rotifunk,SL,1596815805,8.23,-12.68,72.77,95,100,4.74
494,Pandan,PH,1596815805,14.05,124.17,77.9,88,100,16.62
495,Mersing,MY,1596815806,2.43,103.84,80.6,94,1,5.82
496,Mahon,ES,1596815806,39.89,4.27,82.4,65,0,5.82
497,Alugan,PH,1596815806,12.22,125.48,79.43,84,100,9.86
498,Rio Grande,BR,1596815806,-32.03,-52.1,66.2,77,90,6.93
499,Back Mountain,US,1596815638,41.34,-76.0,73.99,90,89,4.56
500,Camaná,PE,1596815806,-16.62,-72.71,64.02,60,45,7.67
501,Dalvik,IS,1596815806,65.97,-18.53,60.8,55,75,24.16
502,Jacareacanga,BR,1596815806,-6.22,-57.75,96.13,27,0,4.81
503,Salym,RU,1596815806,60.06,71.48,64.76,58,2,0.43
504,Santa Marta,CO,1596815738,11.24,-74.2,89.6,70,75,10.29
505,Safford,US,1596815806,32.83,-109.71,86.0,19,1,1.07
506,Calafell,ES,1596815763,41.2,1.57,88.0,100,0,11.05
507,Windhoek,NA,1596815518,-22.56,17.08,73.0,12,0,8.05
508,Nieves,PH,1596815807,15.33,120.95,76.89,91,100,3.85
509,Dingle,PH,1596815807,11.0,122.67,77.43,89,100,6.2
510,Tahoua,NE,1596815807,14.89,5.27,82.4,74,40,6.93
511,Severodvinsk,RU,1596815807,64.56,39.83,64.4,72,40,6.71
512,Takhatgarh,IN,1596815807,25.33,73.0,85.95,73,100,8.52
513,Le Port,RE,1596815807,-20.94,55.29,68.0,64,57,5.82
514,Kushima,JP,1596815807,31.46,131.23,78.01,94,3,8.01
515,Katobu,ID,1596815807,-4.94,122.53,73.6,87,30,4.74
516,Youghal,IE,1596815807,51.95,-7.85,73.99,73,20,11.41
517,Zapolyarnyy,RU,1596815807,69.42,30.81,57.2,71,75,12.75
518,Salinópolis,BR,1596815807,-0.61,-47.36,85.68,64,10,11.52
519,Destin,US,1596815807,30.39,-86.5,90.0,58,40,3.36
520,Vila Velha,BR,1596815808,-20.33,-40.29,77.0,61,75,10.29
521,Saint-Philippe,RE,1596815808,-21.36,55.77,69.8,68,90,3.36
522,Lasem,ID,1596815808,-6.69,111.45,75.99,76,100,8.61
523,Beloha,MG,1596815808,-25.17,45.05,64.11,79,1,5.82
524,Kandalaksha,RU,1596815808,67.16,32.41,63.21,76,100,4.88
525,Oistins,BB,1596815808,13.07,-59.53,87.8,70,20,21.92
526,Tocopilla,CL,1596815808,-22.09,-70.2,65.62,47,13,4.88
527,Broken Hill,AU,1596815808,-31.95,141.43,42.8,87,96,11.41
528,Impfondo,CG,1596815808,1.64,18.07,81.99,64,99,2.98
529,Boyolangu,ID,1596815808,-8.12,111.89,72.28,85,100,5.46
530,Ossora,RU,1596815808,59.24,163.07,54.55,67,56,7.02
531,Calvinia,ZA,1596815809,-31.47,19.78,56.28,32,0,9.84
532,Labuhan,ID,1596815809,-6.88,112.21,76.84,78,97,7.58
533,Xining,CN,1596815809,36.62,101.77,60.69,64,58,4.65
534,Yulara,AU,1596815809,-25.24,130.99,42.8,70,0,3.36
535,Além Paraíba,BR,1596815809,-21.89,-42.7,74.68,50,52,4.74
536,Naryan-Mar,RU,1596815809,67.67,53.09,55.22,81,91,8.5
537,Guerrero Negro,MX,1596815809,27.98,-114.06,73.89,60,0,9.86
538,Bandiagara,ML,1596815809,14.35,-3.61,86.0,66,20,16.11
539,Grand-Santi,GF,1596815809,4.25,-54.38,91.96,46,4,4.94
540,Inuvik,CA,1596815809,68.35,-133.72,55.4,82,75,8.05
541,Manyana,BW,1596815809,-23.4,21.72,65.12,25,0,5.57
542,Jambi City,ID,1596815693,-1.6,103.62,76.86,91,33,2.93
543,Tres Arroyos,AR,1596815810,-38.37,-60.28,55.26,43,66,8.55
544,Guasdualito,VE,1596815810,7.24,-70.73,78.8,88,75,3.36
545,Parrita,CR,1596815810,9.52,-84.32,75.2,73,75,12.75
546,Sal Rei,CV,1596815810,16.18,-22.92,84.2,66,40,13.87
547,Lakes Entrance,AU,1596815810,-37.88,147.98,50.0,89,100,1.99
548,Eslöv,SE,1596815810,55.84,13.3,84.2,39,17,12.75
549,Khandyga,RU,1596815810,62.67,135.6,56.07,48,0,2.91
550,Matara,LK,1596815810,5.95,80.54,78.64,87,99,8.93
551,São Gabriel da Cachoeira,BR,1596815810,-0.13,-67.09,78.8,88,90,2.24
552,São João da Barra,BR,1596815810,-21.64,-41.05,77.0,61,75,13.87
553,Balkanabat,TM,1596815810,39.51,54.37,81.01,43,0,14.61
554,Alice,US,1596815699,27.75,-98.07,87.8,70,40,10.29
555,Aranos,NA,1596815811,-24.13,19.12,63.07,26,0,6.02
556,Lexington,US,1596815811,37.99,-84.48,77.0,64,1,9.17
557,Sioux Lookout,CA,1596815749,50.1,-91.92,71.6,73,40,8.05
558,Fonte Boa,BR,1596815811,-2.5,-66.27,89.91,51,28,3.38
559,Newport,GB,1596815811,51.59,-3.0,82.99,61,29,4.54
560,Yantal',RU,1596815811,56.85,105.25,64.78,70,40,3.36
561,Kapit,MY,1596815811,2.02,112.93,76.15,85,45,0.89
562,Saint Anthony,US,1596815811,45.02,-93.22,75.2,73,20,13.87
563,Prior Lake,US,1596815694,44.71,-93.42,75.2,73,75,8.05
564,Qarayeri,AZ,1596815811,40.79,46.31,86.0,35,20,6.93
565,Chivay,PE,1596815811,-15.64,-71.6,58.12,28,0,2.93
566,Rawson,AR,1596815653,-43.3,-65.1,52.21,44,0,11.01
567,Ormara,PK,1596815811,25.21,64.64,83.48,86,100,8.79
568,Owando,CG,1596815811,-0.48,15.9,85.05,52,69,3.71
569,Kiryat Gat,IL,1596815761,31.61,34.76,87.01,55,0,1.01
570,Gwadar,PK,1596815812,25.12,62.33,84.43,81,100,8.12
571,Port Keats,AU,1596815812,-14.25,129.55,67.68,34,0,7.34
572,Anito,PH,1596815812,12.45,125.29,78.35,88,100,9.01
573,Zhuanghe,CN,1596815812,39.7,122.99,77.0,84,3,4.32
574,Sur,OM,1596815812,22.57,59.53,90.55,51,100,19.48
